{"cameraMode":{"drawMode":0,"name":"Shaded","section":"Shading Mode"},"sceneLighting":false,"audioPlay":false,"sceneViewState":{"showFog":true,"showMaterialUpdate":false,"showSkybox":true,"showFlares":true,"showImageEffects":true,"showParticleSystems":true},"in2DMode":false,"pivot":{"x":-5.231624603271484,"y":-3.838336944580078,"z":-1.3034496307373047},"rotation":{"x":-0.3633398711681366,"y":0.5618011355400086,"z":-0.30024266242980959,"w":-0.6798670887947083},"size":31.50297737121582,"orthographic":false}